analysis_start_time,avdetect,domain_cnt,domain_list,domain_tld_cnt,domain_tld_list,environmentDescription,environmentId,extr_file_cnt,extr_file_exts,extr_file_type_text,extr_file_types,host_countries,host_country_cnt,host_external_ip_cnt,host_local_ip_cnt,host_private_ip_cnt,host_special_ip_cnt,hosts_uniq_cnt,isinteresting,isreliable,isunknown,isurlanalysis,md5,ms_detect,proc_av_label,proc_av_matched,proc_av_total,proc_chain,proc_chain_len,proc_commandline,proc_name,proc_normalizedpath,proc_parentuid,proc_sha256,proc_uid,reporturl,sha1,sha256,sharedanalysis,size,submitname,tags,threatlevel,threatlevel_human,threatscore,type,vt_detect,vxfamily
2018-05-28 05:51:06,6.0,0,,0,,Windows 7 32 bit,100,4,ini; dat,,data; text; empty,,0,0,0,0,0,0,False,True,False,False,188e81197e8f40136e69889f4f9325d3,6.0,Heur.Corrupt,4.0,65.0,executable.1136.exe,1,,executable.1136.exe,C:\executable.1136.exe,,b2f10d988ab7f89d7709dc43311bf95a3b7cd40d17490025b9a303b72312f4bc,00015747-00003688,/sample/b2f10d988ab7f89d7709dc43311bf95a3b7cd40d17490025b9a303b72312f4bc/5b0b8b307ca3e117b12ca294,572fd5805578d676732de2759edf9d0619a899a8,b2f10d988ab7f89d7709dc43311bf95a3b7cd40d17490025b9a303b72312f4bc,False,65536,executable.1136.exe,,2,malicious,66,PE32 executable (GUI) Intel 80386 Mono/.Net assemb ...,6.0,Heur.Corrupt
2018-05-28 05:51:06,6.0,0,,0,,Windows 7 32 bit,100,4,ini; dat,,data; text; empty,,0,0,0,0,0,0,False,True,False,False,188e81197e8f40136e69889f4f9325d3,6.0,,,,executable.1136.exe => iexplore.exe,2,-nohome,iexplore.exe,%PROGRAMFILES%\Internet Explorer\iexplore.exe,00015747-00003688,e285feeca968b3ca22017a64363eea5e69ccd519696671df523291b089597875,00017304-00003736,/sample/b2f10d988ab7f89d7709dc43311bf95a3b7cd40d17490025b9a303b72312f4bc/5b0b8b307ca3e117b12ca294,572fd5805578d676732de2759edf9d0619a899a8,b2f10d988ab7f89d7709dc43311bf95a3b7cd40d17490025b9a303b72312f4bc,False,65536,executable.1136.exe,,2,malicious,66,PE32 executable (GUI) Intel 80386 Mono/.Net assemb ...,6.0,Heur.Corrupt
2018-05-28 05:51:06,6.0,0,,0,,Windows 7 32 bit,100,4,ini; dat,,data; text; empty,,0,0,0,0,0,0,False,True,False,False,188e81197e8f40136e69889f4f9325d3,6.0,,,,executable.1136.exe => iexplore.exe => iexplore.exe,3,SCODEF:3736 CREDAT:79873,iexplore.exe,%PROGRAMFILES%\Internet Explorer\iexplore.exe,00017304-00003736,e285feeca968b3ca22017a64363eea5e69ccd519696671df523291b089597875,00017347-00004068,/sample/b2f10d988ab7f89d7709dc43311bf95a3b7cd40d17490025b9a303b72312f4bc/5b0b8b307ca3e117b12ca294,572fd5805578d676732de2759edf9d0619a899a8,b2f10d988ab7f89d7709dc43311bf95a3b7cd40d17490025b9a303b72312f4bc,False,65536,executable.1136.exe,,2,malicious,66,PE32 executable (GUI) Intel 80386 Mono/.Net assemb ...,6.0,Heur.Corrupt
2018-05-28 05:49:44,0.0,0,,0,,Windows 7 32 bit,100,9,dotm; tmp; lnk; doc; emf; dat; lex,,text; lnk; doc; data; img,,0,0,0,0,0,0,False,True,False,False,129b201421bfdc90a3fd3312a24ece3c,0.0,,,,WINWORD.EXE,1,"/n ""C:\5-Day NBQP LA Course Registration Form.doc""",WINWORD.EXE,%PROGRAMFILES%\Microsoft Office\Office14\WINWORD.EXE,,8cfb55087fa8e4c1e7bcc580d767cf2c884c1b8c890ad240c1e7009810af6736,00015901-00002340,/sample/6b570e805c8a913d13e3373401f1e91447ec6e3c01d766b8e0df154a4de1592c/5b0b8ae37ca3e10560326216,98dc2faaea6cec21caaca88ac53b216cdcefae76,6b570e805c8a913d13e3373401f1e91447ec6e3c01d766b8e0df154a4de1592c,False,165376,5-Day NBQP LA Course Registration Form.doc,,0,no specific threat,7,"Composite Document File V2 Document, Little Endian ...",0.0,
2018-05-28 05:50:29,46.0,0,,0,,Windows 7 32 bit,100,6,tmp; doc; lnk; dat,,data; rtf; lnk,,0,0,0,0,0,0,False,True,False,False,31c24c866fda640abeccc92cfe3ef413,46.0,,,,WINWORD.EXE,1,"/n ""C:\PICTURES _ CATALOG.doc""",WINWORD.EXE,%PROGRAMFILES%\Microsoft Office\Office14\WINWORD.EXE,,8cfb55087fa8e4c1e7bcc580d767cf2c884c1b8c890ad240c1e7009810af6736,00018764-00003652,/sample/e5f02ecde8aa958f1c4dd1a7e246f0e8680e82accc05b71eb935e41daebe3896/5b0b8b0e7ca3e10ebc569774,d32d6af5addd005ef1999274646ce8f87d40d1ff,e5f02ecde8aa958f1c4dd1a7e246f0e8680e82accc05b71eb935e41daebe3896,True,793002,PICTURES & CATALOG.doc,,2,malicious,100,"Rich Text Format data, unknown version",46.0,CVE-2017-1188
2018-05-28 05:50:29,46.0,0,,0,,Windows 7 32 bit,100,6,tmp; doc; lnk; dat,,data; rtf; lnk,,0,0,0,0,0,0,False,True,False,False,31c24c866fda640abeccc92cfe3ef413,46.0,,0.0,66.0,EQNEDT32.EXE,1,-Embedding,EQNEDT32.EXE,%COMMONPROGRAMFILES%\microsoft shared\EQUATION\EQNEDT32.EXE,,3c4a68070f3d7f14e488ae4f7ede8e7add0f8029995dc800833126ca062a2c6c,00019112-00002968,/sample/e5f02ecde8aa958f1c4dd1a7e246f0e8680e82accc05b71eb935e41daebe3896/5b0b8b0e7ca3e10ebc569774,d32d6af5addd005ef1999274646ce8f87d40d1ff,e5f02ecde8aa958f1c4dd1a7e246f0e8680e82accc05b71eb935e41daebe3896,True,793002,PICTURES & CATALOG.doc,,2,malicious,100,"Rich Text Format data, unknown version",46.0,CVE-2017-1188
2018-05-28 05:59:12,,0,,0,,Windows 7 32 bit,100,0,,,,,0,0,0,0,0,0,False,True,True,False,5e8a1a784324f1259b0572db06cf8f90,,,,,DHL PAYMENT SLIP.exe,1,,DHL PAYMENT SLIP.exe,C:\DHL PAYMENT SLIP.exe,,afd1d9bac905a52357e7582e15cc5a1bed5fc7c1700dc5b7bc39a11f58273e63,00009148-00002796,/sample/afd1d9bac905a52357e7582e15cc5a1bed5fc7c1700dc5b7bc39a11f58273e63/5b0b8d197ca3e16dfb727374,7a7d0f2ff05204f71ea12e25f2e1415cbf749b3a,afd1d9bac905a52357e7582e15cc5a1bed5fc7c1700dc5b7bc39a11f58273e63,True,508416,DHL PAYMENT SLIP.exe,,2,malicious,20,PE32 executable (GUI) Intel 80386 Mono/.Net assemb ...,,
2018-05-28 05:59:42,,6,www.gstatic.com; ocsp.pki.goog; fonts.gstatic.com; ssl.gstatic.com; fonts.googleapis.com; submit.jotformeu.com,2,com; goog,Windows 7 32 bit,100,20,dat,,text,USA,1,2,0,0,0,2,False,True,True,False,a2ebe8cfd3dafcacce343ee1aa7e10ac,,,,,iexplore.exe,1,-nohome,iexplore.exe,%PROGRAMFILES%\Internet Explorer\iexplore.exe,,e285feeca968b3ca22017a64363eea5e69ccd519696671df523291b089597875,00015593-00004080,/sample/ed9bce833e27f0bc2c42053a58baffb7de51bd3d0f1ccfc4126c424cec3bb14b/5b0b8d337ca3e1163824705d,b50e8e1ede80a1d9f10561f103aad27381518f7b,ed9bce833e27f0bc2c42053a58baffb7de51bd3d0f1ccfc4126c424cec3bb14b,False,355117,Purchase Order .htm,,0,no specific threat,15,"HTML document, ASCII text, with very long lines, w ...",,
2018-05-28 05:59:42,,6,www.gstatic.com; ocsp.pki.goog; fonts.gstatic.com; ssl.gstatic.com; fonts.googleapis.com; submit.jotformeu.com,2,com; goog,Windows 7 32 bit,100,20,dat,,text,USA,1,2,0,0,0,2,False,True,True,False,a2ebe8cfd3dafcacce343ee1aa7e10ac,,,,,iexplore.exe => iexplore.exe,2,SCODEF:4080 CREDAT:79873,iexplore.exe,%PROGRAMFILES%\Internet Explorer\iexplore.exe,00015593-00004080,e285feeca968b3ca22017a64363eea5e69ccd519696671df523291b089597875,00015785-00002812,/sample/ed9bce833e27f0bc2c42053a58baffb7de51bd3d0f1ccfc4126c424cec3bb14b/5b0b8d337ca3e1163824705d,b50e8e1ede80a1d9f10561f103aad27381518f7b,ed9bce833e27f0bc2c42053a58baffb7de51bd3d0f1ccfc4126c424cec3bb14b,False,355117,Purchase Order .htm,,0,no specific threat,15,"HTML document, ASCII text, with very long lines, w ...",,
